{
    "$schema": "https://schema.management.azure.com/schemas/2015-01-01/deploymentParameters.json#",
    "contentVersion": "1.0.0.0",
    "parameters": {
        "connections_s2s_name": {
            "value": null
        },
        "virtualNetworks_nf_hub_name": {
            "value": null
        },
        "virtualMachines_nf_cppm_name": {
            "value": null
        },
        "publicIPAddresses_nf_gwip_name": {
            "value": null
        },
        "localNetworkGateways_nf_lng_name": {
            "value": null
        },
        "networkInterfaces_nf_cppm789_name": {
            "value": null
        },
        "publicIPAddresses_nf_cppm_ip_name": {
            "value": null
        },
        "networkSecurityGroups_nf_cppm_name": {
            "value": null
        },
        "virtualNetworkGateways_ng_vpngw_name": {
            "value": null
        }
    }
}