{
    "$schema": "https://schema.management.azure.com/schemas/2019-04-01/deploymentTemplate.json#",
    "contentVersion": "1.0.0.0",
    "parameters": {
        "connections_s2s_name": {
            "defaultValue": "s2s",
            "type": "String"
        },
        "virtualNetworks_nf_hub_name": {
            "defaultValue": "nf-hub",
            "type": "String"
        },
        "virtualMachines_nf_cppm_name": {
            "defaultValue": "nf-cppm",
            "type": "String"
        },
        "publicIPAddresses_nf_gwip_name": {
            "defaultValue": "nf-gwip",
            "type": "String"
        },
        "localNetworkGateways_nf_lng_name": {
            "defaultValue": "nf-lng",
            "type": "String"
        },
        "networkInterfaces_nf_cppm789_name": {
            "defaultValue": "nf-cppm789",
            "type": "String"
        },
        "publicIPAddresses_nf_cppm_ip_name": {
            "defaultValue": "nf-cppm-ip",
            "type": "String"
        },
        "networkSecurityGroups_nf_cppm_name": {
            "defaultValue": "nf-cppm",
            "type": "String"
        },
        "virtualNetworkGateways_ng_vpngw_name": {
            "defaultValue": "ng-vpngw",
            "type": "String"
        }
    },
    "variables": {},
    "resources": [
        {
            "type": "Microsoft.Network/localNetworkGateways",
            "apiVersion": "2024-07-01",
            "name": "[parameters('localNetworkGateways_nf_lng_name')]",
            "location": "westeurope",
            "tags": {
                "Creator": "Nick Fennell",
                "DateCreated": "08/07/2025"
            },
            "properties": {
                "localNetworkAddressSpace": {
                    "addressPrefixes": [
                        "10.0.0.0/8",
                        "192.168.0.0/24"
                    ]
                },
                "gatewayIpAddress": "37.228.231.33",
                "bgpSettings": {
                    "asn": 65010,
                    "bgpPeeringAddress": "10.0.0.1",
                    "peerWeight": 0
                }
            }
        },
        {
            "type": "Microsoft.Network/networkSecurityGroups",
            "apiVersion": "2024-07-01",
            "name": "[parameters('networkSecurityGroups_nf_cppm_name')]",
            "location": "westeurope",
            "tags": {
                "DateCreated": "08/12/2025",
                "Creator": "Nick Fennell"
            },
            "properties": {
                "securityRules": [
                    {
                        "name": "AllowAnyCustomAnyInbound",
                        "id": "[resourceId('Microsoft.Network/networkSecurityGroups/securityRules', parameters('networkSecurityGroups_nf_cppm_name'), 'AllowAnyCustomAnyInbound')]",
                        "type": "Microsoft.Network/networkSecurityGroups/securityRules",
                        "properties": {
                            "protocol": "*",
                            "sourcePortRange": "*",
                            "destinationPortRange": "*",
                            "sourceAddressPrefix": "*",
                            "destinationAddressPrefix": "*",
                            "access": "Allow",
                            "priority": 100,
                            "direction": "Inbound",
                            "sourcePortRanges": [],
                            "destinationPortRanges": [],
                            "sourceAddressPrefixes": [],
                            "destinationAddressPrefixes": []
                        }
                    },
                    {
                        "name": "AllowAnyCustomAnyOutbound",
                        "id": "[resourceId('Microsoft.Network/networkSecurityGroups/securityRules', parameters('networkSecurityGroups_nf_cppm_name'), 'AllowAnyCustomAnyOutbound')]",
                        "type": "Microsoft.Network/networkSecurityGroups/securityRules",
                        "properties": {
                            "protocol": "*",
                            "sourcePortRange": "*",
                            "destinationPortRange": "*",
                            "sourceAddressPrefix": "*",
                            "destinationAddressPrefix": "*",
                            "access": "Allow",
                            "priority": 100,
                            "direction": "Outbound",
                            "sourcePortRanges": [],
                            "destinationPortRanges": [],
                            "sourceAddressPrefixes": [],
                            "destinationAddressPrefixes": []
                        }
                    }
                ]
            }
        },
        {
            "type": "Microsoft.Network/publicIPAddresses",
            "apiVersion": "2024-07-01",
            "name": "[parameters('publicIPAddresses_nf_cppm_ip_name')]",
            "location": "westeurope",
            "tags": {
                "DateCreated": "08/12/2025",
                "Creator": "Nick Fennell"
            },
            "sku": {
                "name": "Standard",
                "tier": "Regional"
            },
            "properties": {
                "ipAddress": "20.16.112.218",
                "publicIPAddressVersion": "IPv4",
                "publicIPAllocationMethod": "Static",
                "idleTimeoutInMinutes": 4,
                "ipTags": []
            }
        },
        {
            "type": "Microsoft.Network/publicIPAddresses",
            "apiVersion": "2024-07-01",
            "name": "[parameters('publicIPAddresses_nf_gwip_name')]",
            "location": "westeurope",
            "tags": {
                "DateCreated": "08/07/2025",
                "Creator": "Nick Fennell"
            },
            "sku": {
                "name": "Standard",
                "tier": "Regional"
            },
            "properties": {
                "ipAddress": "108.143.37.217",
                "publicIPAddressVersion": "IPv4",
                "publicIPAllocationMethod": "Static",
                "idleTimeoutInMinutes": 4,
                "ipTags": [],
                "ddosSettings": {
                    "protectionMode": "VirtualNetworkInherited"
                }
            }
        },
        {
            "type": "Microsoft.Network/virtualNetworks",
            "apiVersion": "2024-07-01",
            "name": "[parameters('virtualNetworks_nf_hub_name')]",
            "location": "westeurope",
            "tags": {
                "DateCreated": "08/07/2025",
                "Creator": "Nick Fennell"
            },
            "properties": {
                "addressSpace": {
                    "addressPrefixes": [
                        "172.16.0.0/16"
                    ]
                },
                "encryption": {
                    "enabled": false,
                    "enforcement": "AllowUnencrypted"
                },
                "privateEndpointVNetPolicies": "Disabled",
                "subnets": [
                    {
                        "name": "default",
                        "id": "[resourceId('Microsoft.Network/virtualNetworks/subnets', parameters('virtualNetworks_nf_hub_name'), 'default')]",
                        "properties": {
                            "addressPrefixes": [
                                "172.16.0.0/24"
                            ],
                            "delegations": [],
                            "privateEndpointNetworkPolicies": "Disabled",
                            "privateLinkServiceNetworkPolicies": "Enabled"
                        },
                        "type": "Microsoft.Network/virtualNetworks/subnets"
                    },
                    {
                        "name": "GatewaySubnet",
                        "id": "[resourceId('Microsoft.Network/virtualNetworks/subnets', parameters('virtualNetworks_nf_hub_name'), 'GatewaySubnet')]",
                        "properties": {
                            "addressPrefixes": [
                                "172.16.1.0/27"
                            ],
                            "delegations": [],
                            "privateEndpointNetworkPolicies": "Disabled",
                            "privateLinkServiceNetworkPolicies": "Enabled"
                        },
                        "type": "Microsoft.Network/virtualNetworks/subnets"
                    }
                ],
                "virtualNetworkPeerings": [],
                "enableDdosProtection": false
            }
        },
        {
            "type": "Microsoft.Compute/virtualMachines",
            "apiVersion": "2024-11-01",
            "name": "[parameters('virtualMachines_nf_cppm_name')]",
            "location": "westeurope",
            "dependsOn": [
                "[resourceId('Microsoft.Network/networkInterfaces', parameters('networkInterfaces_nf_cppm789_name'))]"
            ],
            "tags": {
                "DateCreated": "08/12/2025",
                "Creator": "Nick Fennell"
            },
            "plan": {
                "name": "aruba_cppm_6_11_1",
                "product": "aruba_cppm_6_11_1",
                "publisher": "arubanetworks-4922182"
            },
            "properties": {
                "hardwareProfile": {
                    "vmSize": "Standard_DS1_v2"
                },
                "additionalCapabilities": {
                    "hibernationEnabled": false
                },
                "storageProfile": {
                    "imageReference": {
                        "publisher": "arubanetworks-4922182",
                        "offer": "aruba_cppm_6_11_1",
                        "sku": "aruba_cppm_6_11_1",
                        "version": "latest"
                    },
                    "osDisk": {
                        "osType": "Linux",
                        "name": "[concat(parameters('virtualMachines_nf_cppm_name'), '_OsDisk_1_cc6ccc8d8f6f43cba2cb1dcbc7839a40')]",
                        "createOption": "FromImage",
                        "caching": "ReadWrite",
                        "managedDisk": {
                            "storageAccountType": "Standard_LRS",
                            "id": "[resourceId('Microsoft.Compute/disks', concat(parameters('virtualMachines_nf_cppm_name'), '_OsDisk_1_cc6ccc8d8f6f43cba2cb1dcbc7839a40'))]"
                        },
                        "deleteOption": "Delete",
                        "diskSizeGB": 40
                    },
                    "dataDisks": []
                },
                "osProfile": {
                    "computerName": "[parameters('virtualMachines_nf_cppm_name')]",
                    "adminUsername": "azureuser",
                    "linuxConfiguration": {
                        "disablePasswordAuthentication": false,
                        "provisionVMAgent": true,
                        "patchSettings": {
                            "patchMode": "ImageDefault",
                            "assessmentMode": "ImageDefault"
                        }
                    },
                    "secrets": [],
                    "allowExtensionOperations": true,
                    "requireGuestProvisionSignal": true
                },
                "networkProfile": {
                    "networkInterfaces": [
                        {
                            "id": "[resourceId('Microsoft.Network/networkInterfaces', parameters('networkInterfaces_nf_cppm789_name'))]",
                            "properties": {
                                "deleteOption": "Delete"
                            }
                        }
                    ]
                },
                "diagnosticsProfile": {
                    "bootDiagnostics": {
                        "enabled": true
                    }
                }
            }
        },
        {
            "type": "Microsoft.Network/networkSecurityGroups/securityRules",
            "apiVersion": "2024-07-01",
            "name": "[concat(parameters('networkSecurityGroups_nf_cppm_name'), '/AllowAnyCustomAnyInbound')]",
            "dependsOn": [
                "[resourceId('Microsoft.Network/networkSecurityGroups', parameters('networkSecurityGroups_nf_cppm_name'))]"
            ],
            "properties": {
                "protocol": "*",
                "sourcePortRange": "*",
                "destinationPortRange": "*",
                "sourceAddressPrefix": "*",
                "destinationAddressPrefix": "*",
                "access": "Allow",
                "priority": 100,
                "direction": "Inbound",
                "sourcePortRanges": [],
                "destinationPortRanges": [],
                "sourceAddressPrefixes": [],
                "destinationAddressPrefixes": []
            }
        },
        {
            "type": "Microsoft.Network/networkSecurityGroups/securityRules",
            "apiVersion": "2024-07-01",
            "name": "[concat(parameters('networkSecurityGroups_nf_cppm_name'), '/AllowAnyCustomAnyOutbound')]",
            "dependsOn": [
                "[resourceId('Microsoft.Network/networkSecurityGroups', parameters('networkSecurityGroups_nf_cppm_name'))]"
            ],
            "properties": {
                "protocol": "*",
                "sourcePortRange": "*",
                "destinationPortRange": "*",
                "sourceAddressPrefix": "*",
                "destinationAddressPrefix": "*",
                "access": "Allow",
                "priority": 100,
                "direction": "Outbound",
                "sourcePortRanges": [],
                "destinationPortRanges": [],
                "sourceAddressPrefixes": [],
                "destinationAddressPrefixes": []
            }
        },
        {
            "type": "Microsoft.Network/virtualNetworks/subnets",
            "apiVersion": "2024-07-01",
            "name": "[concat(parameters('virtualNetworks_nf_hub_name'), '/default')]",
            "dependsOn": [
                "[resourceId('Microsoft.Network/virtualNetworks', parameters('virtualNetworks_nf_hub_name'))]"
            ],
            "properties": {
                "addressPrefixes": [
                    "172.16.0.0/24"
                ],
                "delegations": [],
                "privateEndpointNetworkPolicies": "Disabled",
                "privateLinkServiceNetworkPolicies": "Enabled"
            }
        },
        {
            "type": "Microsoft.Network/virtualNetworks/subnets",
            "apiVersion": "2024-07-01",
            "name": "[concat(parameters('virtualNetworks_nf_hub_name'), '/GatewaySubnet')]",
            "dependsOn": [
                "[resourceId('Microsoft.Network/virtualNetworks', parameters('virtualNetworks_nf_hub_name'))]"
            ],
            "properties": {
                "addressPrefixes": [
                    "172.16.1.0/27"
                ],
                "delegations": [],
                "privateEndpointNetworkPolicies": "Disabled",
                "privateLinkServiceNetworkPolicies": "Enabled"
            }
        },
        {
            "type": "Microsoft.Network/connections",
            "apiVersion": "2024-07-01",
            "name": "[parameters('connections_s2s_name')]",
            "location": "westeurope",
            "dependsOn": [
                "[resourceId('Microsoft.Network/virtualNetworkGateways', parameters('virtualNetworkGateways_ng_vpngw_name'))]",
                "[resourceId('Microsoft.Network/localNetworkGateways', parameters('localNetworkGateways_nf_lng_name'))]"
            ],
            "tags": {
                "Creator": "Nick Fennell",
                "DateCreated": "08/07/2025"
            },
            "properties": {
                "virtualNetworkGateway1": {
                    "id": "[resourceId('Microsoft.Network/virtualNetworkGateways', parameters('virtualNetworkGateways_ng_vpngw_name'))]",
                    "properties": {}
                },
                "localNetworkGateway2": {
                    "id": "[resourceId('Microsoft.Network/localNetworkGateways', parameters('localNetworkGateways_nf_lng_name'))]",
                    "properties": {}
                },
                "connectionType": "IPsec",
                "connectionProtocol": "IKEv2",
                "routingWeight": 0,
                "enableBgp": false,
                "useLocalAzureIpAddress": false,
                "usePolicyBasedTrafficSelectors": false,
                "ipsecPolicies": [],
                "trafficSelectorPolicies": [],
                "tunnelProperties": [],
                "expressRouteGatewayBypass": false,
                "enablePrivateLinkFastPath": false,
                "dpdTimeoutSeconds": 45,
                "connectionMode": "Default",
                "gatewayCustomBgpIpAddresses": []
            }
        },
        {
            "type": "Microsoft.Network/virtualNetworkGateways",
            "apiVersion": "2024-07-01",
            "name": "[parameters('virtualNetworkGateways_ng_vpngw_name')]",
            "location": "westeurope",
            "dependsOn": [
                "[resourceId('Microsoft.Network/publicIPAddresses', parameters('publicIPAddresses_nf_gwip_name'))]",
                "[resourceId('Microsoft.Network/virtualNetworks/subnets', parameters('virtualNetworks_nf_hub_name'), 'GatewaySubnet')]"
            ],
            "tags": {
                "Creator": "Nick Fennell",
                "DateCreated": "08/07/2025"
            },
            "properties": {
                "enablePrivateIpAddress": false,
                "virtualNetworkGatewayMigrationStatus": {
                    "state": "None",
                    "phase": "None"
                },
                "ipConfigurations": [
                    {
                        "name": "default",
                        "id": "[concat(resourceId('Microsoft.Network/virtualNetworkGateways', parameters('virtualNetworkGateways_ng_vpngw_name')), '/ipConfigurations/default')]",
                        "properties": {
                            "privateIPAllocationMethod": "Dynamic",
                            "publicIPAddress": {
                                "id": "[resourceId('Microsoft.Network/publicIPAddresses', parameters('publicIPAddresses_nf_gwip_name'))]"
                            },
                            "subnet": {
                                "id": "[resourceId('Microsoft.Network/virtualNetworks/subnets', parameters('virtualNetworks_nf_hub_name'), 'GatewaySubnet')]"
                            }
                        }
                    }
                ],
                "natRules": [],
                "virtualNetworkGatewayPolicyGroups": [],
                "enableBgpRouteTranslationForNat": false,
                "disableIPSecReplayProtection": false,
                "sku": {
                    "name": "VpnGw1",
                    "tier": "VpnGw1"
                },
                "gatewayType": "Vpn",
                "vpnType": "RouteBased",
                "enableBgp": true,
                "enableHighBandwidthVpnGateway": false,
                "activeActive": false,
                "vpnClientConfiguration": {
                    "vpnClientAddressPool": {
                        "addressPrefixes": [
                            "10.110.10.0/24"
                        ]
                    },
                    "vpnClientProtocols": [
                        "OpenVPN"
                    ],
                    "vpnAuthenticationTypes": [
                        "Certificate"
                    ],
                    "vpnClientRootCertificates": [
                        {
                            "name": "ROOT",
                            "id": "[concat(resourceId('Microsoft.Network/virtualNetworkGateways', parameters('virtualNetworkGateways_ng_vpngw_name')), '/vpnClientRootCertificates/ROOT')]",
                            "properties": {
                                "publicCertData": "MIIDZzCCAk+gAwIBAgIQUG0Mkiamj5NC+WfJtyp8LDANBgkqhkiG9w0BAQsFADBG MRUwEwYKCZImiZPyLGQBGRYFbG9jYWwxFTATBgoJkiaJk/IsZAEZFgVsYWIwMTEW MBQGA1UEAxMNbGFiMDEtREMwMS1DQTAeFw0yMzA1MjExMDA0NTVaFw0yODA1MjEx MDE0NTVaMEYxFTATBgoJkiaJk/IsZAEZFgVsb2NhbDEVMBMGCgmSJomT8ixkARkW BWxhYjAxMRYwFAYDVQQDEw1sYWIwMS1EQzAxLUNBMIIBIjANBgkqhkiG9w0BAQEF AAOCAQ8AMIIBCgKCAQEA0VW19iD67Fw+yL0K8uwlvGuVK27jVCFeoUpYRTKzC6O+ ii+5NNrHdxuNfqx7ajtaokMVkTvT9+8fqlmcSsARpncuufM9t2eWYKjIoRaT0njs /gwDGKexCQJDD1Fz5bEYAYsgZivCDmJ9Y7j0ERWfBFzRUtmmskBLd7UOBBjQTnVK e2Keou8ETp1o496ZFfUOX3qTrIS1vVNQiud6A4cBRiY3ypdGZQ/FDVS8aSszuo2I 0Y5zZ0AInP9JKfIEqccIEfB97qRPwNqp5+nuqR4kcYCjAOaIeXmz8MI1U5DDQmbN xDgRlOJj69I7MoVLX2iYMNWJ5Z2GIHAoXJxtSagClQIDAQABo1EwTzALBgNVHQ8E BAMCAYYwDwYDVR0TAQH/BAUwAwEB/zAdBgNVHQ4EFgQUWG9xLsNnpcORWD/L8gMp akLbSFIwEAYJKwYBBAGCNxUBBAMCAQAwDQYJKoZIhvcNAQELBQADggEBAKP4PUNu djm7bSV+IOtgMc5T6P82ZgydXmLKdsrt8IZMjE1AF28cWxMfdQZy4THiqU6l3S+6 dMwvZaQyashQQL0sDreEIXF/HRuWquQ+6zNhIoJ71+e51QhjEawoMkFelR9shDO9 DwSWLTHGer722GAt0tUJN9MRuyx5YZdmtRZySt+cRHomDzjgvw7DTXvZ3udNmsIk rGSzxev5HjlrA76kc276+2pXAQZVAl3jOwdW6UZEp1LARnMW77KTikqaNEpN6mxG u4tGGJhhtDV1ctgDO1QbIUAP0CkEsQuBmnrEloNRwq6it1UuZjZWpjteb2L5yjEB ux4eBn6cJ8n3F6c="
                            }
                        }
                    ],
                    "vpnClientRevokedCertificates": [],
                    "vngClientConnectionConfigurations": [],
                    "radiusServers": [],
                    "vpnClientIpsecPolicies": []
                },
                "bgpSettings": {
                    "asn": 65515,
                    "bgpPeeringAddress": "172.16.1.30",
                    "peerWeight": 0,
                    "bgpPeeringAddresses": [
                        {
                            "ipconfigurationId": "[concat(resourceId('Microsoft.Network/virtualNetworkGateways', parameters('virtualNetworkGateways_ng_vpngw_name')), '/ipConfigurations/default')]",
                            "customBgpIpAddresses": []
                        }
                    ]
                },
                "customRoutes": {
                    "addressPrefixes": []
                },
                "vpnGatewayGeneration": "Generation1",
                "allowRemoteVnetTraffic": false,
                "allowVirtualWanTraffic": false
            }
        },
        {
            "type": "Microsoft.Network/networkInterfaces",
            "apiVersion": "2024-07-01",
            "name": "[parameters('networkInterfaces_nf_cppm789_name')]",
            "location": "westeurope",
            "dependsOn": [
                "[resourceId('Microsoft.Network/publicIPAddresses', parameters('publicIPAddresses_nf_cppm_ip_name'))]",
                "[resourceId('Microsoft.Network/virtualNetworks/subnets', parameters('virtualNetworks_nf_hub_name'), 'default')]",
                "[resourceId('Microsoft.Network/networkSecurityGroups', parameters('networkSecurityGroups_nf_cppm_name'))]"
            ],
            "tags": {
                "DateCreated": "08/12/2025",
                "Creator": "Nick Fennell"
            },
            "kind": "Regular",
            "properties": {
                "ipConfigurations": [
                    {
                        "name": "ipconfig1",
                        "id": "[concat(resourceId('Microsoft.Network/networkInterfaces', parameters('networkInterfaces_nf_cppm789_name')), '/ipConfigurations/ipconfig1')]",
                        "type": "Microsoft.Network/networkInterfaces/ipConfigurations",
                        "properties": {
                            "privateIPAddress": "172.16.0.4",
                            "privateIPAllocationMethod": "Dynamic",
                            "publicIPAddress": {
                                "id": "[resourceId('Microsoft.Network/publicIPAddresses', parameters('publicIPAddresses_nf_cppm_ip_name'))]"
                            },
                            "subnet": {
                                "id": "[resourceId('Microsoft.Network/virtualNetworks/subnets', parameters('virtualNetworks_nf_hub_name'), 'default')]"
                            },
                            "primary": true,
                            "privateIPAddressVersion": "IPv4"
                        }
                    }
                ],
                "dnsSettings": {
                    "dnsServers": []
                },
                "enableAcceleratedNetworking": false,
                "enableIPForwarding": false,
                "disableTcpStateTracking": false,
                "networkSecurityGroup": {
                    "id": "[resourceId('Microsoft.Network/networkSecurityGroups', parameters('networkSecurityGroups_nf_cppm_name'))]"
                },
                "nicType": "Standard",
                "auxiliaryMode": "None",
                "auxiliarySku": "None"
            }
        }
    ]
}